t0,t1,t2,t31,t32,t33,x0,x1,x2,x31,x32,x33,sigma1,sigma2,sigma3
SI,-1057.3,235.9,-100,14463.5,NaN,NaN,0.56,0,0,1,NaN,NaN,1,NaN,NaN
SII,-1169.9,586.6,-27.1,9331.1,NaN,NaN,0.34,0,0,1,NaN,NaN,1,NaN,NaN
SIII,-1128.75,395,-95,14000,NaN,NaN,0.45,0,0,1,NaN,NaN,1,NaN,NaN
SIIIs,-1121,400,-583.33,14000,NaN,NaN,0.43225,0.35,-0.9875,1,NaN,NaN,1,NaN,NaN
SIV,-1205.6,765,35,5000,NaN,NaN,0.05,0,0,1,NaN,NaN,1,NaN,NaN
SV,-1248.29,970.56,107.22,0,NaN,NaN,-0.17,0,0,1,NaN,NaN,1,NaN,NaN
SVI,-1101.81,271.67,-138.33,17000,NaN,NaN,0.583,0,0,1,NaN,NaN,1,NaN,NaN
SVII,-1096.8,246.2,-148,17626,NaN,NaN,0.62,0,0,1,NaN,NaN,1,NaN,NaN
SkT,-1144.7,402.1,56.1,9656.3,NaN,NaN,0.07,0,0,1,NaN,NaN,1,NaN,NaN
SkT1,-1794,298,-298,12812,NaN,NaN,0.154,-0.5,-0.5,0.089,NaN,NaN,0.3333333,NaN,NaN
SkT2,-1791.6,300,-300,12792,NaN,NaN,0.154,-0.5,-0.5,0.089,NaN,NaN,0.3333333,NaN,NaN
SkT3,-1791.8,298.5,-99.5,12794,NaN,NaN,0.138,-1,1,0.075,NaN,NaN,0.3333333,NaN,NaN
SkT4,-1808.8,303.4,-303.4,12980,NaN,NaN,-0.177,-0.5,-0.5,-0.5,NaN,NaN,0.3333333,NaN,NaN
SkT5,-2917.1,328.2,-328.2,18584,NaN,NaN,-0.295,-0.5,-0.5,-0.5,NaN,NaN,0.1666667,NaN,NaN
SkT6,-1794.2,294,-294,12817,NaN,NaN,0.392,-0.5,-0.5,0.5,NaN,NaN,0.3333333,NaN,NaN
SkT7,-1892.5,366.6,-21,11983,NaN,NaN,0.334,-0.359,6.9,0.366,NaN,NaN,0.285,NaN,NaN
SkT8,-1892.5,367,-228.76,11983,NaN,NaN,0.448,-0.5,-0.5,0.695,NaN,NaN,0.285,NaN,NaN
SkT9,-1891.4,377.4,-239.16,11982,NaN,NaN,0.441,-0.5,-0.5,0.686,NaN,NaN,0.285,NaN,NaN
SkTK,-2248,558.8,-83.7,11224,NaN,NaN,0.715,0,0,1,NaN,NaN,0.166667,NaN,NaN
SkM,-2645,385,-120,15595,NaN,NaN,0.09,0,0,0,NaN,NaN,0.1666667,NaN,NaN
SkM1,-2645,410,-135,15595,NaN,NaN,1.3,0,0,1.734,NaN,NaN,0.1666667,NaN,NaN
SkMP,-2372.24,503.623,57.2783,12585.3,NaN,NaN,-0.157563,-0.402886,-2.95571,-0.267933,NaN,NaN,0.1666667,NaN,NaN
SkMs,-2645,410,-135,15595,NaN,NaN,0.09,0,0,0,NaN,NaN,0.1666667,NaN,NaN
SKa,-1602.78,570.88,-67.7,8000,NaN,NaN,-0.02,0,0,-0.286,NaN,NaN,0.333333,NaN,NaN
SKb,-1602.78,570.88,-67.7,8000,NaN,NaN,-0.165,0,0,-0.286,NaN,NaN,0.333333,NaN,NaN
SGI,-1603,515.9,84.5,8000,NaN,NaN,-0.02,-0.5,-1.731,0.1381,NaN,NaN,0.3333333,NaN,NaN
SGII,-2645,340,-41.9,15595,NaN,NaN,0.09,-0.0588,1.425,0.06044,NaN,NaN,0.1666667,NaN,NaN
RATP,-2160,513,121,11600,NaN,NaN,0.418,-0.36,-2.29,0.586,NaN,NaN,0.2,NaN,NaN
T,-1788.9,301.5,502.5,12764,NaN,NaN,0.353,-2.5,-1.7,0.475,NaN,NaN,0.333333,NaN,NaN
SkP,-2931.7,320.618,-337.409,18708.96,NaN,NaN,0.29215,0.65318,-0.53732,0.18103,NaN,NaN,0.1666667,NaN,NaN
ZR1a,-1003.9,0,0,13287.2,NaN,NaN,0,0,0,1,NaN,NaN,1,NaN,NaN
ZR1b,-1003.9,0,0,13287.2,NaN,NaN,0.2,0,0,1,NaN,NaN,1,NaN,NaN
ZR1c,-1003.9,0,0,13287.2,NaN,NaN,0.5,0,0,1,NaN,NaN,1,NaN,NaN
ZR2a,-1192.2,0,0,11041,NaN,NaN,0,0,0,1,NaN,NaN,0.666666667,NaN,NaN
ZR2b,-1192.2,0,0,11041,NaN,NaN,0.2,0,0,1,NaN,NaN,0.666666667,NaN,NaN
ZR2c,-1192.2,0,0,11041,NaN,NaN,0.5,0,0,1,NaN,NaN,0.666666667,NaN,NaN
ZR3a,-4392.2,0,0,26967.3,NaN,NaN,0,0,0,1,NaN,NaN,0.1,NaN,NaN
ZR3b,-4392.2,0,0,26967.3,NaN,NaN,0.2,0,0,1,NaN,NaN,0.1,NaN,NaN
ZR3c,-4392.2,0,0,26967.3,NaN,NaN,0.5,0,0,1,NaN,NaN,0.1,NaN,NaN
PRC45,-1089,0,0,17480.4,NaN,NaN,0.5,0,0,-0.5,NaN,NaN,1,NaN,NaN
E,-1140.25,309.61,-122.22,11608.1,NaN,NaN,0.7979,0,0,1.632,NaN,NaN,0.8,NaN,NaN
Es,-1664.05,358.83,-137.22,10931.5,NaN,NaN,1.077,0,0,1.6918,NaN,NaN,0.35,NaN,NaN
Gs,-1800.16,336.23,-85.74,11113.5,NaN,NaN,-0.4862,0,0,-1.0295,NaN,NaN,0.3,NaN,NaN
Rs,-1798,335.97,-84.81,11083.9,NaN,NaN,-0.4036,0,0,-0.8705,NaN,NaN,0.3,NaN,NaN
Z,-1137.57,284.67,-92.73,11269.5,NaN,NaN,0.926,0,0,2.1561,NaN,NaN,0.8,NaN,NaN
Zs,-1983.76,362.25,-104.27,11861.4,NaN,NaN,1.1717,0,0,1.762,NaN,NaN,0.25,NaN,NaN
Zss,-1987.64,380.92,-109.88,11837.7,NaN,NaN,0.8897,0,0,1.278,NaN,NaN,0.25,NaN,NaN
SkSC1,-1788.59,282.623,-282.623,12775.3,NaN,NaN,0.72,-0.5,-0.5,1.04564,NaN,NaN,0.3333333,NaN,NaN
SkSC2,-1791.64,290.601,-290.601,12800.5,NaN,NaN,0.38,-0.5,-0.5,0.59276,NaN,NaN,0.3333333,NaN,NaN
SkSC3,-1788.11,289.901,-96.6337,12771.4,NaN,NaN,0.65,-1,1,0.960976,NaN,NaN,0.3333333,NaN,NaN
SkSC4,-1789.42,283.467,-283.467,12782.3,NaN,NaN,0.79,-0.5,-0.5,1.13871,NaN,NaN,0.3333333,NaN,NaN
SkSC4o,-1788.42,283.037,-283.037,12775,NaN,NaN,0.79434,-0.5,-0.5,1.18439,NaN,NaN,0.3333333,NaN,NaN
SkSC5,-1788.17,281.931,-281.931,12771.9,NaN,NaN,0.98,-0.5,-0.5,1.38526,NaN,NaN,0.3333333,NaN,NaN
SkSC6,-1792.47,291.964,-291.964,12805.7,NaN,NaN,0.370038,-0.5,-0.5,0.581085,NaN,NaN,0.3333333,NaN,NaN
SkSC10,-1795.12,298.95,-298.95,12827.7,NaN,NaN,0.159124,-0.5,-0.5,0.292918,NaN,NaN,0.3333333,NaN,NaN
SkSC11,-1789.42,283.467,-283.467,12782.3,NaN,NaN,0.79,-0.5,-0.5,1.13871,NaN,NaN,0.3333333,NaN,NaN
SkSC14,-1792.47,291.334,-291.334,12805.7,NaN,NaN,0.364025,-0.5,-0.5,0.455431,NaN,NaN,0.3333333,NaN,NaN
SkSC15,-1789.81,285.6,-285.6,12783.7,NaN,NaN,0.621299,-0.5,-0.5,0.895573,NaN,NaN,0.3333333,NaN,NaN
Skyrme1p,-1057.3,235.9,-100,14463.5,NaN,NaN,0.2885,0,0,0.2257,NaN,NaN,1,NaN,NaN
MSkA,-1218.828,370.265,-106.883,10834.819,NaN,NaN,0.119,0.0157,0.0335,-0.199,NaN,NaN,0.7179,NaN,NaN
SkI1,-1913.619,439.809,2697.594,10592.267,NaN,NaN,-0.954536,-5.782388,-1.287379,-1.561421,NaN,NaN,0.25,NaN,NaN
SkI2,-1915.43,438.449,305.446,10548.9,NaN,NaN,-0.2108,-1.7376,-1.5336,-0.178,NaN,NaN,0.25,NaN,NaN
SkI3,-1762.88,561.608,-227.09,8106.2,NaN,NaN,0.3083,-1.1722,-1.0907,1.2926,NaN,NaN,0.25,NaN,NaN
SkI4,-1855.827,473.829,1006.855,9703.607,NaN,NaN,0.405082,-2.889148,-1.32515,1.145203,NaN,NaN,0.25,NaN,NaN
SkI5,-1772.907,550.84,-126.685,8206.246,NaN,NaN,-0.117077,-1.308726,-1.04864,0.341023,NaN,NaN,0.25,NaN,NaN
SkI6,-1849.347,483.913,528.43,9553.404,NaN,NaN,0.491825,-2.137409,-1.381416,1.337188,NaN,NaN,0.25,NaN,NaN
SLy0,-2486.43,485.25,-440.46,13783,NaN,NaN,0.7947,-0.4983,-0.9323,1.2893,NaN,NaN,0.1666667,NaN,NaN
SLy1,-2487.64,488.29,-568.86,13791,NaN,NaN,0.7955,-0.3056,-1,1.2902,NaN,NaN,0.1666667,NaN,NaN
SLy2,-2484.23,482.19,-289.95,13763,NaN,NaN,0.7893,-0.7279,-0.7754,1.2824,NaN,NaN,0.1666667,NaN,NaN
SLy230a,-2490.23,489.53,-566.58,13803,NaN,NaN,1.1318,-0.8426,-1,1.9219,NaN,NaN,0.1666667,NaN,NaN
SLy3,-2481.09,480.95,-540.85,13731,NaN,NaN,0.838,-0.3381,-1,1.3578,NaN,NaN,0.1666667,NaN,NaN
SLy4,-2488.913,486.818,-546.395,13777,NaN,NaN,0.834,-0.3438,-1,1.354,NaN,NaN,0.1666667,NaN,NaN
SLy5,-2483.45,484.23,-556.69,13757,NaN,NaN,0.776,-0.317,-1,1.263,NaN,NaN,0.1666667,NaN,NaN
SLy6,-2479.5,462.18,-448.61,13673,NaN,NaN,0.825,-0.465,-1,1.355,NaN,NaN,0.1666667,NaN,NaN
SLy7,-2480.8,461.29,-433.93,13669,NaN,NaN,0.848,-0.492,-1,1.393,NaN,NaN,0.1666667,NaN,NaN
SLy8,-2481.41,480.78,-538.34,13731,NaN,NaN,0.8024,-0.3424,-1,1.3061,NaN,NaN,0.1666667,NaN,NaN
SLy9,-2511.13,510.6,-429.8,13716,NaN,NaN,0.7998,-0.6213,-1,1.3727,NaN,NaN,0.1666667,NaN,NaN
SLy10,-2506.77,430.98,-304.95,13826.41,NaN,NaN,1.0398,-0.6745,-1,1.6833,NaN,NaN,0.1666667,NaN,NaN
SkX,-1445.32,246.867,-131.786,12103.86,NaN,NaN,0.34,0.58,0.127,0.03,NaN,NaN,0.5,NaN,NaN
SkXce,-1437.96,244.335,-133.741,12116.26,NaN,NaN,0.289,0.611,0.145,-0.056,NaN,NaN,0.5,NaN,NaN
SkXm,-1803.06,273.756,-95.946,12755.09,NaN,NaN,0.306,0.225,0.698,0.116,NaN,NaN,0.33333,NaN,NaN
SkO,-2103.653,303.352,791.674,13553.252,NaN,NaN,-0.210701,-2.810752,-1.461595,-0.429881,NaN,NaN,0.25,NaN,NaN
SkOp,-2099.419,301.531,154.781,13526.464,NaN,NaN,-0.029503,-1.325732,-2.323439,-0.147404,NaN,NaN,0.25,NaN,NaN
SKRA,-2895.4,405.5,-89.1,16660,NaN,NaN,0.08,0,0.2,0,NaN,NaN,0.1422,NaN,NaN
MSk1,-1813.03,274.828,-274.828,13050.1,NaN,NaN,0.365395,-0.5,-0.5,0.449882,NaN,NaN,0.3333333,NaN,NaN
MSk2,-1830.67,260.301,-293.742,13442.1,NaN,NaN,0.356875,-0.5,-0.5,0.4097599,NaN,NaN,0.3333333,NaN,NaN
MSk3,-1810.32,269.092,-269.92,13027.5,NaN,NaN,0.631485,-0.5,-0.5,0.90368,NaN,NaN,0.3333333,NaN,NaN
MSk4,-1827.96,254.129,-287.569,13419.5,NaN,NaN,0.61036,-0.5,-0.5,0.835063,NaN,NaN,0.3333333,NaN,NaN
MSk5,-1827.96,254.326,-287.766,13419.5,NaN,NaN,0.605152,-0.5,-0.5,0.827182,NaN,NaN,0.3333333,NaN,NaN
MSk5s,-1728.73,362.859,-126.139,11084.8,NaN,NaN,0.647,-0.1,-0.145864,0.994321,NaN,NaN,0.3333333,NaN,NaN
MSk6,-1827.96,258.483,-291.924,13419.5,NaN,NaN,0.576591,-0.5,-0.5,0.783956,NaN,NaN,0.333333,NaN,NaN
MSk7,-1828.23,259.4,-292.84,13421.7,NaN,NaN,0.576761,-0.5,-0.5,0.78529,NaN,NaN,0.333333,NaN,NaN
MSk8,-1844.2,242.743,-306.583,13777.5,NaN,NaN,0.574829,-0.5,-0.5,0.752727,NaN,NaN,0.333333,NaN,NaN
MSk9,-1810.73,273.844,-273.844,13030.9,NaN,NaN,0.5846,-0.5,-0.5,0.831332,NaN,NaN,0.333333,NaN,NaN
v070,-1828.64,248.527,-176.49,13425.1,NaN,NaN,0.517539,1.2,-0.051769,0.329698,NaN,NaN,0.3333333,NaN,NaN
v075,-1828.64,252.349,-171.327,13425.1,NaN,NaN,0.521301,0.75,0.001069,0.408383,NaN,NaN,0.3333333,NaN,NaN
v080,-1827.96,251.271,-168.233,13419.5,NaN,NaN,0.528552,0.4,0.019271,0.483059,NaN,NaN,0.3333333,NaN,NaN
v090,-1827.96,253.565,-199.305,13419.5,NaN,NaN,0.559906,-0.1,-0.169977,0.637001,NaN,NaN,0.3333333,NaN,NaN
v100,-1827.96,253.702,-220.261,13419.5,NaN,NaN,0.564938,-0.5,-0.272269,0.729808,NaN,NaN,0.3333333,NaN,NaN
v105,-1827.96,253.114,-286.554,13419.5,NaN,NaN,0.611956,-0.5,-0.5,0.837479,NaN,NaN,0.3333333,NaN,NaN
v110,-1827.96,252.949,-347.19,13419.5,NaN,NaN,0.627871,-0.5,-0.631341,0.894757,NaN,NaN,0.3333333,NaN,NaN
SKz0,-2471.1,439.85,-258.18,13732.8,NaN,NaN,0.1986,1.0413,-0.8328,0,NaN,NaN,0.1694,NaN,NaN
SKz1,-2471.1,439.85,-262.98,13732.8,NaN,NaN,0.6052,0.4933,-0.8404,0.7282,NaN,NaN,0.1694,NaN,NaN
SKz2,-2471.1,439.85,-267.78,13732.8,NaN,NaN,1.029,0.0546,-0.8478,1.4564,NaN,NaN,0.1694,NaN,NaN
SKz3,-2471.1,439.85,-272.66,13732.8,NaN,NaN,1.4174,-0.6082,-0.8549,2.1846,NaN,NaN,0.1694,NaN,NaN
SKz4,-2471.1,439.85,-277.5,13732.8,NaN,NaN,1.8226,-1.164,-0.8618,2.9127,NaN,NaN,0.1694,NaN,NaN
SKzm1,-2471.1,439.85,-299.14,13732.8,NaN,NaN,-0.2665,1.2968,-0.8899,-0.7282,NaN,NaN,0.1694,NaN,NaN
BSk1,-1830.45,262.97,-296.446,13444.7,NaN,NaN,0.599988,-0.5,-0.5,0.823074,NaN,NaN,0.3333333,NaN,NaN
BSk2,-1790.62,260.996,-147.167,13215.1,NaN,NaN,0.498986,-0.0897521,0.224411,0.515675,NaN,NaN,0.343295,NaN,NaN
BSk2p,-1792.71,259.053,-146.768,13267.9,NaN,NaN,0.498612,-0.0897572,0.242854,0.509818,NaN,NaN,0.343295,NaN,NaN
BSk3,-1755.1297,233.262,-135.284,13543.2,NaN,NaN,0.476585,-0.032567,0.470393,0.422501,NaN,NaN,0.361194,NaN,NaN
BSk4,-1776.9376,306.884,-105.67,12302.1,NaN,NaN,0.542494,-0.535165,0.494738,0.759028,NaN,NaN,0.333333,NaN,NaN
BSk5,-1778.8934,312.727,-102.883,12318.37,NaN,NaN,0.44451,-0.488716,0.58459,0.569304,NaN,NaN,0.333333,NaN,NaN
BSk6,-2043.3174,382.127,-173.879,12511.7,NaN,NaN,0.735859,-0.799153,-0.358983,1.234779,NaN,NaN,0.25,NaN,NaN
BSk7,-2044.2484,385.973,-131.525,12518.8,NaN,NaN,0.729193,-0.932335,-0.050127,1.23628,NaN,NaN,0.25,NaN,NaN
BSk8,-2035.525,398.8208,-196.0032,12433.36,NaN,NaN,0.773828,-0.822006,-0.38964,1.309331,NaN,NaN,0.25,NaN,NaN
BSk9,-2043.918,411.5987,-194.1886,12497.169,NaN,NaN,0.514921,-0.953799,-0.332249,0.899435,NaN,NaN,0.25,NaN,NaN
BSk10,-1771.37,322.432,-80.6445,12219,NaN,NaN,0.266859,-0.461021,1.18713,0.23156,NaN,NaN,0.333333,NaN,NaN
BSk11,-1773.9,310.45,-78.3014,12254.7,NaN,NaN,0.259339,-0.464192,1.14268,0.225045,NaN,NaN,0.333333,NaN,NaN
BSk12,-1773.71,309.046,-75.2529,12253.1,NaN,NaN,0.263418,-0.46164,1.22561,0.229978,NaN,NaN,0.333333,NaN,NaN
BSk13,-1773.86,307.766,-73.428,12254.3,NaN,NaN,0.253076,-0.471466,1.27406,0.215541,NaN,NaN,0.333333,NaN,NaN
BSk14,-1822.67,377.47,-2.41056,11406.3,NaN,NaN,0.302096,-0.823575,61.94,0.47346,NaN,NaN,0.3,NaN,NaN
BSk15,-1832.91,372.552,17.982,11483,NaN,NaN,0.436279,-0.785263,-9.53228,0.675865,NaN,NaN,0.3,NaN,NaN
BSk16,-1837.23,383.521,-3.41736,11523,NaN,NaN,0.4326,-0.824106,44.652,0.689797,NaN,NaN,0.3,NaN,NaN
BSk17,-1837.33,389.102,-3.17417,11523.8,NaN,NaN,0.411377,-0.832102,49.4875,0.654962,NaN,NaN,0.3,NaN,NaN
SK255,-1689.35,389.3,-126.07,10989.6,NaN,NaN,-0.1461,0.116,0.0012,-0.7449,NaN,NaN,0.3563,NaN,NaN
SK272,-1496.84,397.66,-112.82,10191.64,NaN,NaN,0.0008,0.0102,0.002,-0.5519,NaN,NaN,0.4492,NaN,NaN
QMC1,-1071,651,-352,16620,NaN,NaN,0.89,0,0,1,NaN,NaN,1,NaN,NaN
QMC2,-1082,400,-146,14926,NaN,NaN,0.59,0,0,1,NaN,NaN,1,NaN,NaN
QMC3,-1047,373,-136,12531,NaN,NaN,0.61,0,0,0,NaN,NaN,1,NaN,NaN
QMC600,-2510.0376,520.9512,-221.0096,14651.7525,NaN,NaN,0.17,0,0,0,NaN,NaN,0.17,NaN,NaN
QMC650,-2462.6784,436.0993,-151.9441,14154.4809,NaN,NaN,0.13,0,0,0,NaN,NaN,0.17,NaN,NaN
QMC700,-2429.1323,370.9804,-96.6917,13773.634,NaN,NaN,0.1,0,0,0,NaN,NaN,0.17,NaN,NaN
QMC750,-2403.4794,319.6746,-55.2524,13473.6924,NaN,NaN,0.08,0,0,0,NaN,NaN,0.17,NaN,NaN
KDE0v,-2526.511,430.9418,-398.3775,14235.5193,NaN,NaN,0.7583,-0.3087,-0.9495,1.1445,NaN,NaN,0.1676,NaN,NaN
KDE0v1,-2553.0843,411.6963,-419.8712,14603.6069,NaN,NaN,0.6483,-0.3472,-0.9268,0.9475,NaN,NaN,0.1673,NaN,NaN
LNS,-2484.97,266.735,-337.135,14588.2,NaN,NaN,0.06277,0.65845,-0.95382,-0.03413,NaN,NaN,0.16667,NaN,NaN
SV-min,-2112.248,295.781,142.268,13988.567,NaN,NaN,0.24388631,-1.4349263,-2.6258991,0.25807017,NaN,NaN,0.255368,NaN,NaN
SV-bas,-1879.639,313.749,112.677,12527.376,NaN,NaN,0.25854594,-0.381689,-2.8236379,0.12322898,NaN,NaN,0.3,NaN,NaN
SV-K241,-1745.184,310.497,5.705,11975.552,NaN,NaN,0.29178663,-0.10698977,-31.904412,0.15733503,NaN,NaN,0.34,NaN,NaN
SV-K226,-2055.773,317.043,247.652,13344.393,NaN,NaN,0.21749795,-0.71722267,-1.975946,0.081931749,NaN,NaN,0.26,NaN,NaN
SV-K218,-2295.822,320.278,330.798,14557.194,NaN,NaN,0.19180277,-0.9251343,-1.8008143,0.068065603,NaN,NaN,0.22,NaN,NaN
SV-mas10,-1813.907,270.452,57.215,12965.454,NaN,NaN,0.23289831,0.12718125,-4.7952037,-0.062346265,NaN,NaN,0.33,NaN,NaN
SV-mas08,-1982.65,368.228,274.611,12141.094,NaN,NaN,0.28565257,-1.0374037,-1.7808251,0.33936396,NaN,NaN,0.26,NaN,NaN
SV-mas07,-2203.658,438.349,566.846,12222.736,NaN,NaN,0.35436918,-1.7829396,-1.4369322,0.63253409,NaN,NaN,0.2,NaN,NaN
SV-sym34,-1887.367,323.804,351.782,12597.277,NaN,NaN,-0.23010994,-0.95958627,-1.7754751,-0.72185432,NaN,NaN,0.3,NaN,NaN
SV-sym32,-1883.278,319.184,197.329,12559.469,NaN,NaN,0.007688467,-0.59430727,-2.1692149,-0.30953656,NaN,NaN,0.3,NaN,NaN
SV-sym28,-1877.431,307.255,140.868,12511.94,NaN,NaN,0.51782097,-0.43129116,-2.474137,0.5687936,NaN,NaN,0.3,NaN,NaN
SV-kap60.,-1880.594,314.373,194.94,12537,NaN,NaN,0.18380512,0.082542519,-2.1619715,-0.14667428,NaN,NaN,0.3,NaN,NaN
SV-kap20,-1878.883,313.245,44.042,12519.929,NaN,NaN,0.33139755,-0.8796717,-5.267351,0.3902358,NaN,NaN,0.3,NaN,NaN
SV-kap00,-1877.891,312.6,7.104,12509.993,NaN,NaN,0.393391,-1.45482,-26.089659,0.640506,NaN,NaN,0.3,NaN,NaN
SV-tls,-1879.892,317.952,30.265,12531.858,NaN,NaN,0.2464135,-0.19762662,-7.2127638,0.10379268,NaN,NaN,0.3,NaN,NaN
UNEDF0,-1883.68781,277.5002122,608.4309056,13901.94834,NaN,NaN,0.00974375,-1.77784395,-1.67699035,-0.38079041,NaN,NaN,0.32195599,NaN,NaN
UNEDF1,-2078.328023,239.400812,1575.119542,14263.64625,NaN,NaN,0.05375692,-5.07723238,-1.36650561,-0.16249117,NaN,NaN,0.27001801,NaN,NaN
ska25s20,-2180.48,281.49,-160.44,14577.8,NaN,NaN,0.13712,-0.8,0,0.06208,NaN,NaN,0.25,NaN,NaN
ska35s15,-1768.97,249.37,-155.56,12978.71,NaN,NaN,0.42553,-0.8,0,0.5274,NaN,NaN,0.35,NaN,NaN
ska35s20,-1768.83,263.86,-158.34,12904.8,NaN,NaN,0.12899,-0.8,0,0.00654,NaN,NaN,0.35,NaN,NaN
ska35s25,-1772.73,276.85,-162.36,12899.78,NaN,NaN,-0.14393,-0.8,0,-0.49481,NaN,NaN,0.35,NaN,NaN
ska45s20,-1537.89,245.47,-157.2,12461.12,NaN,NaN,0.12318,-0.8,0,-0.05608,NaN,NaN,0.45,NaN,NaN
s3hs20,-2672.9292,389.99866,-483.65036,15780.56641,NaN,NaN,0.38065,-0.4,-0.93,0.5464,NaN,NaN,0.166666,NaN,NaN
s3s16,-2709.763672,365.6653748,-495.5246582,16215.47949,NaN,NaN,0.5361848,0.17936,-0.9268,0.679573,NaN,NaN,0.166666,NaN,NaN
s3s20,-2701.99585,379.7926636,-503.6746216,16098.8623,NaN,NaN,0.2749417,0.17936,-0.9268,0.296662,NaN,NaN,0.166666,NaN,NaN
s3s24,-2705.20166,391.3623657,-521.7019653,16102.80664,NaN,NaN,0.0303748,0.17936,-0.9268,-0.0701945,NaN,NaN,0.166666,NaN,NaN
s6hs20,-2825.33716,460.53088,-92.32841,15717.91211,NaN,NaN,0.20841,-0.05,0.03,0.17311,NaN,NaN,0.14,NaN,NaN
s6s16,-2890.862061,429.2244263,-97.4184952,16398.63477,NaN,NaN,0.487592,-0.0700489,0.02717,0.5763649,NaN,NaN,0.14,NaN,NaN
s6s20,-2846.386719,452.9282837,-95.367775,15933.55762,NaN,NaN,0.1989428,-0.0700489,0.02717,0.1595835,NaN,NaN,0.14,NaN,NaN
s6s24,-2850.687012,465.3125,-99.0769882,15935.56348,NaN,NaN,-0.0832781,-0.0700489,0.02717,-0.2668398,NaN,NaN,0.14,NaN,NaN
s7hs20,-2182.06104,277.28992,-160.75455,14616.16504,NaN,NaN,0.14993,-0.8,0,0.08177,NaN,NaN,0.25,NaN,NaN
s7s16,-2180.798096,268.8235168,-156.0245514,14617.27832,NaN,NaN,0.4359654,-1.3489041,0,0.6092268,NaN,NaN,0.25,NaN,NaN
s7s20,-2182.321533,278.4217224,-160.1265259,14608.74219,NaN,NaN,0.1858619,-1.3489041,0,0.2194355,NaN,NaN,0.25,NaN,NaN
s7s24,-2183.740723,288.3077698,-163.8307343,14594.49121,NaN,NaN,-0.0417577,-1.3489041,0,-0.1431833,NaN,NaN,0.25,NaN,NaN
s8hs20,-1768.21558,261.41516,-158.55165,12913.66895,NaN,NaN,0.13785,-0.8,0,0.02291,NaN,NaN,0.35,NaN,NaN
s8s16,-1767.07922,254.33446,-153.77974,12908.10352,NaN,NaN,0.39848,-1.46363,0,0.61767,NaN,NaN,0.35,NaN,NaN
s8s20,-1768.56177,262.23285,-157.59932,12904.88965,NaN,NaN,0.16146,-1.46363,0,0.19594,NaN,NaN,0.35,NaN,NaN
s8s24,-1769.94287,270.29108,-160.89565,12894.44531,NaN,NaN,-0.05347,-1.46363,0,-0.1968,NaN,NaN,0.35,NaN,NaN
s9hs20,-3023.92505,392.26572,-105.55664,17734.13086,NaN,NaN,0.11144,0,0.2,0.00618,NaN,NaN,0.14,NaN,NaN
s9s16,-3030.72168,377.7007141,-103.0858994,17834.18555,NaN,NaN,0.4871698,-0.44832,0.2,0.5922593,NaN,NaN,0.14,NaN,NaN
s9s20,-3028.213867,390.428772,-106.2129745,17779.94727,NaN,NaN,0.1615471,-0.44832,0.2,0.1356435,NaN,NaN,0.14,NaN,NaN
s9s24,-3031.466553,401.8540344,-109.4870529,17778.24414,NaN,NaN,-0.0793634,-0.44832,0.2,-0.2091423,NaN,NaN,0.14,NaN,NaN
s10hs20,-1810.02075,275.54434,-256.94205,12858.77051,NaN,NaN,0.16703,-0.5,-0.5,0.08449,NaN,NaN,0.333333,NaN,NaN
s10s16,-1809.863159,268.8074646,-250.4112091,12869.74316,NaN,NaN,0.4175017,-1.0191988,-0.5,0.6306372,NaN,NaN,0.3333333,NaN,NaN
s10s20,-1810.980591,276.8115234,-256.2614441,12859.27148,NaN,NaN,0.1831747,-1.0191988,-0.5,0.2170275,NaN,NaN,0.3333333,NaN,NaN
s10s24,-1812.993897,285.4754333,-262.1108398,12854.90234,NaN,NaN,-0.0347865,-1.0191988,-0.5,-0.1786289,NaN,NaN,0.3333333,NaN,NaN
s11hs20,-1807.08679,277.89841,-254.42711,12797.7002,NaN,NaN,0.181,-0.69974,-0.5,0.15224,NaN,NaN,0.3333333,NaN,NaN
s11s16,-1807.148071,271.2805786,-248.3392792,12812.49902,NaN,NaN,0.4174702,-0.9936718,-0.5,0.6307958,NaN,NaN,0.3333333,NaN,NaN
s11s20,-1807.991455,278.7789917,-253.8823242,12800.33105,NaN,NaN,0.1868941,-0.9936718,-0.5,0.2224309,NaN,NaN,0.3333333,NaN,NaN
s11s24,-1810.55542,288.1222534,-259.9057617,12799.22754,NaN,NaN,-0.0348021,-0.9936718,-0.5,-0.1810564,NaN,NaN,0.3333333,NaN,NaN
s12hs20,-1811.51819,270.64868,-85.66787,12906.86719,NaN,NaN,0.14178,-1,1,0.05379,NaN,NaN,0.333333,NaN,NaN
s12s16,-1811.392456,264.3297424,-83.3801193,12914.11914,NaN,NaN,0.3996581,-1.5212641,1,0.6099949,NaN,NaN,0.3333333,NaN,NaN
s12s20,-1812.471924,272.2641602,-85.4006424,12904.61328,NaN,NaN,0.1589374,-1.5212641,1,0.1871373,NaN,NaN,0.3333333,NaN,NaN
s12s24,-1814.175659,280.8729248,-87.3087616,12896.19141,NaN,NaN,-0.0621982,-1.5212641,1,-0.2118511,NaN,NaN,0.3333333,NaN,NaN
s15hs20,-2542.91626,444.04242,-99.12335,14309.62109,NaN,NaN,0.1893,0,0,0.1217,NaN,NaN,0.1666666,NaN,NaN
s15s16,-2578.83252,420.0640869,-101.3566666,14730.43359,NaN,NaN,0.4722641,-0.08089,0,0.5680438,NaN,NaN,0.1666666,NaN,NaN
s15s20,-2544.635254,443.4455566,-99.7321625,14329.97266,NaN,NaN,0.1832163,-0.08089,0,0.1272691,NaN,NaN,0.1666666,NaN,NaN
s15s24,-2548.46167,454.3227844,-103.1147079,14332.05371,NaN,NaN,-0.071647,-0.08089,0,-0.2808992,NaN,NaN,0.1666666,NaN,NaN
s16hs20,-1901.396,306.89804,191.46901,12753.33105,NaN,NaN,0.04489,-0.59,-2.17,-0.26667,NaN,NaN,0.3,NaN,NaN
s16s16,-1902.050659,295.7451782,186.7857361,12802.2002,NaN,NaN,0.3880056,-1.7746626,-2.1692149,0.5714075,NaN,NaN,0.3,NaN,NaN
s16s20,-1902.956543,305.5899658,191.5276184,12779.1416,NaN,NaN,0.1311778,-1.7746626,-2.1692149,0.1260647,NaN,NaN,0.3,NaN,NaN
s16s24,-1904.9104,313.9059143,196.150528,12775.74121,NaN,NaN,-0.0985519,-1.7746626,-2.1692149,-0.2830223,NaN,NaN,0.3,NaN,NaN
s17hs20,-2504.80029,461.63812,-473.07721,13885.88086,NaN,NaN,0.39674,-0.344,-1,0.64966,NaN,NaN,0.1666667,NaN,NaN
s17s16,-2604.797119,403.7005615,-57.0751991,15053.41797,NaN,NaN,0.4733555,-0.3438,1.0930953,0.5925312,NaN,NaN,0.1666667,NaN,NaN
s17s20,-2590.198242,412.8460083,-58.854454,14909.3916,NaN,NaN,0.218813,-0.3438,1.0930953,0.2037881,NaN,NaN,0.1666667,NaN,NaN
s17s24,-2596.599854,429.3860168,-58.9625664,14891.07422,NaN,NaN,-0.0710489,-0.3438,1.0930953,-0.2414551,NaN,NaN,0.1666667,NaN,NaN
s18hs20,-2663.32617,391.71164,-120.43994,15673.09863,NaN,NaN,0.14556,0,0,0.04131,NaN,NaN,0.1666667,NaN,NaN
s18s16,-2665.682617,386.1866455,-114.4999008,15683.45703,NaN,NaN,0.4837773,-0.3626113,0,0.6060275,NaN,NaN,0.1666667,NaN,NaN
s18s20,-2664.184815,391.7357483,-120.7052307,15681.21484,NaN,NaN,0.1522381,-0.3626113,0,0.1091502,NaN,NaN,0.1666667,NaN,NaN
s18s24,-2668.081787,401.5772095,-123.9690628,15688.72363,NaN,NaN,-0.0862214,-0.3626113,0,-0.2512307,NaN,NaN,0.1666667,NaN,NaN
s8ps12,-1771.21252,234.06589,-156.8271,13114.0625,NaN,NaN,0.58953,-0.8,0,0.79856,NaN,NaN,0.35,NaN,NaN
s8ps14,-1770.66223,238.64455,-158.4659,13090.8418,NaN,NaN,0.46561,-0.8,0,0.58688,NaN,NaN,0.35,NaN,NaN
s8ps16,-1770.0769,244.00424,-159.94211,13060.79395,NaN,NaN,0.34671,-0.8,0,0.38174,NaN,NaN,0.35,NaN,NaN
s8ps18,-1769.35144,250.29329,-160.98311,13019.35547,NaN,NaN,0.23343,-0.8,0,0.18435,NaN,NaN,0.35,NaN,NaN
s8ps20,-1770.2207,254.81752,-162.91135,13015.9082,NaN,NaN,0.12224,-0.8,0,-0.01495,NaN,NaN,0.35,NaN,NaN
s8ps22,-1771.32874,259.89734,-164.7821,13011.39258,NaN,NaN,0.01539,-0.8,0,-0.20892,NaN,NaN,0.35,NaN,NaN
f-,-1848.2463,476.7814,-530.4592,14017.9358,NaN,NaN,0.826263,-0.553989257,-0.990625,1.813282465,NaN,NaN,0.3333333,NaN,NaN
f+,-1849.486393,478.0776265,-324.437049,14050.84436,NaN,NaN,0.826647918,0.085961326,-0.821840646,1.770010044,NaN,NaN,0.333333333,NaN,NaN
f0,-1849.081803,477.2767492,-412.8245485,14035.1919,NaN,NaN,0.824349459,-0.13746871,-0.9155803,1.780474422,NaN,NaN,0.3333333,NaN,NaN
