,E0,J,K',K0,Ksym,L,Qsym,m*,Max_mass,R(1.4),lambda(1.4)
BSk1,-15.786338935913902,27.815163468302128,384.20822405161255,230.60996609952312,-281.1410353777875,7.380212641796741,605.0663939854729,1.0498484568324709,4.264191844072229e-08,0.0002953580114990473,-8091833812910080.0
BSk10,-15.887585465694169,29.83091011041643,361.38857690676105,233.74340360363675,-191.24231071128438,37.653149372957344,390.2486066204309,0.9211177358252399,1.5045875310897827,9.383608151517004,60.73838408473971
BSk11,-15.839111912579343,29.883719791395272,362.9848897961126,234.58379866613154,-187.37741511629568,38.622475313170916,385.6253556494448,0.9207898184403769,1.5418643951416016,9.64275077493131,75.65015431125939
BSk12,-15.836380374234308,29.88493444684621,362.91728206967207,234.5500696098021,-188.89306312626906,38.28114635431792,387.9778699144238,0.9207892380246123,1.5309927463531494,9.569830067243092,71.13064661881697
BSk13,-15.838853004679871,29.88238848422734,362.9681637226347,234.5755422601814,-185.49044546045997,39.07828159842674,382.09026089379,0.9207889909533288,1.5540354251861572,9.726389742152374,81.07055574285383
BSk14,-15.833213964036505,29.86580442030708,352.65544032154696,235.77028212418548,-150.3182468994641,43.99927847067239,384.06564802811386,0.801715310868261,1.8445754051208496,11.012816655382025,220.54162784836979
BSk15,-16.01651189621347,29.873875429561437,355.7158959645602,237.16331882426465,-191.55467398409982,33.993284668859566,460.0690426594021,0.8020766999813127,1.6596742868423462,9.929622365088148,101.9367993635061
BSk16,-16.033438375500058,29.895217854936597,357.4979242432888,238.07576747173695,-185.21905188903372,35.170161762200216,456.74177529939675,0.801717890649625,1.7040908336639404,10.156866349952564,121.53856953165506
BSk17,-16.034823169788428,29.8906580730802,357.5311091618369,238.09156079765978,-179.75250894187346,36.547439741648425,445.47108200832355,0.8017179412834337,1.7289843559265137,10.310666752006442,135.9047570534084
BSk2,-15.77528426655192,28.00120909052734,377.9850521365105,232.5568833498628,-295.7303036759139,8.283538808104717,555.7832752537091,1.0418446135576231,0.0,0.0,0.0
BSk2p,-15.771702524962485,28.002424110125993,378.7510334758672,232.21808782983325,-296.762550849799,8.097406420651133,556.4795914451604,1.049236925583996,0.0,0.0,0.0
BSk3,-15.785587706728924,27.93839440568073,378.71532614384614,233.70049528773848,-305.5820360228771,7.100591887142447,548.205099132839,1.1227129458055478,0.0,0.0,0.0
BSk4,-15.754258566510952,27.990064484012994,365.119980824832,235.71523409280545,-264.88184786287604,12.779848758025437,556.3452467658055,0.9202942562913141,0.6078318357467651,0.0002953580114990473,1.6849662434607104e+16
BSk5,-15.783255896545775,28.68809003652546,365.80923235131814,236.0599818925981,-239.34016185084823,21.617336609095524,498.1020891066054,0.9202933088972394,1.1214439868927002,7.302066326141357,45.016963958740234
BSk6,-15.730063466478867,27.992530349951227,368.67185584924346,228.06397914850584,-214.49949828162048,17.037610948550366,601.537418990462,0.8006387030954483,1.5536389350891113,8.81699790613992,47.765727659079744
BSk7,-15.741007310193684,27.99132894307731,368.94951587680606,228.18746363696164,-208.69385581636394,18.171117499976607,596.182108794017,0.8006382804725541,1.5908401012420654,9.022010828230558,56.90955399398463
BSk8,-15.804084606393399,27.94889174304188,365.1206177810244,226.21388357798185,-218.07933446776272,15.579986788513628,616.5686508406095,0.8020764009215848,1.5336421728134155,8.649482358247212,42.160697400141366
BSk9,-15.90409698372095,29.84890169368451,367.6146865673922,227.32234856507182,-143.76312135070773,40.00915216691345,469.7669457911601,0.8020764540724127,1.8809255361557007,10.896474671245624,210.6615295814734
E,-16.103400214903033,27.80472053920449,59.42613740968574,324.76160468310167,-557.4383483242423,-28.28810908620736,439.4427446154813,0.8693987001244835,0.0,0.0,0.0
Es,-15.98122722699696,26.85315160209939,330.82019676717334,235.2331368707276,-435.91893836997883,-30.262293148980344,839.9510929538907,0.8441858051045513,0.0,0.0,0.0
Gs,-15.569024904452217,31.265599607095158,346.3787911333172,235.8589558367521,13.890540136655858,93.66655049292594,-26.352655573978524,0.7847970743326627,,,
KDE0v,-16.070432734498098,32.63065345616566,359.76425429049385,220.77634305093028,-142.04432777902625,45.295413763502594,510.95429970550254,0.7221043900554582,1.9252564907073975,11.234810393750667,243.60856309890758
KDE0v1,-16.18547430683455,33.738026579480355,358.3165266444196,212.59248641882172,-122.80211690201301,54.11609329677948,462.7432722145383,0.7534067375367632,1.9520848989486694,11.574944624220654,292.5955012453094
LNS,-15.174798597768506,31.302436414792982,326.6167937568997,181.70563329424203,-112.1377323776304,59.29963895685409,270.6790175921187,0.8406946862864586,1.6955053806304932,10.937341715577766,187.47398827088455
MSk1,-15.812087164809896,29.974963090426357,377.87238024796875,232.6294465510304,-199.25928622024577,34.041860276871965,447.066667986996,1.0,1.4617561101913452,8.92210786472011,41.36210480667137
MSk2,-15.81196992960284,29.975413966738238,384.1089655340389,230.56576040268783,-202.66005198633115,33.480909166593264,448.11044553195234,1.0497937438758944,1.3776378631591797,8.350386619567871,26.051654815673828
MSk3,-15.797831115050608,27.988365916037225,376.65869635191774,231.89429871216754,-282.551165851596,7.266226432559602,613.5078734371124,1.0011757966642432,2.644089181558229e-05,0.046368904411792755,126953185083392.0
MSk4,-15.772021705123874,28.002333594046892,383.1522033851848,230.08753431102184,-282.9352747047317,7.49285325837367,608.6610711727753,1.0497921807323587,1.544503334116598e-07,0.0002953580114990473,-7.102338738788762e+16
MSk5,-15.772021705123873,28.001899631859157,383.1522033851848,230.0875343110219,-281.44236827833595,7.864777987740123,605.6752581706932,1.0497921807323587,2.545970119172125e-07,0.0002953580114990473,-4.571560612882022e+16
MSk5s,-15.761833480360686,28.02351162618773,349.5500889695297,245.92073550231376,-292.958258656699,6.505777279783037,599.6043212941303,0.7991823351375379,0.5465574264526367,0.0002953580114990473,2.4760490756407296e+16
MSk6,-15.772013239360676,27.99975762983587,383.1518255293021,230.08706255834096,-273.25405359896564,9.90542563032733,589.2986747155637,1.0497937438758944,0.9094259142875671,5.071486473083496,7.518557548522949
MSk7,-15.776232701831615,27.950228756963615,383.2453017431934,230.13395560082927,-273.5464975699844,9.683719391843223,589.8837351267,1.0497921807323587,0.911539614200592,5.078869819641113,7.479207515716553
MSk8,-15.775173376750637,27.931308003001977,388.8913356186226,228.2462202102723,-278.9030414406746,8.54952940804768,595.3626579222471,1.0995646553182878,0.0,0.0,0.0
MSk9,-15.7782723291743,27.998807208646596,377.05922650377096,232.22274553607633,-269.1677393049917,10.63626514821225,586.883801550571,1.0,0.2741195261478424,0.0,0.0
MSkA,-15.962410525932823,30.79056472508143,147.62854122280143,326.7187895446344,-140.08428379372506,57.44672240301303,203.27395856279492,0.7900538675962461,2.3006622791290283,12.681537671677555,630.3650713360239
PRC45,-15.336406216732051,54.881483365704426,-174.77745051866594,441.03822203395816,-24.27525278668994,152.5074305547454,97.09858362148105,1.0,2.914485216140747,16.594009390782944,2609.313867874608
QMC1,-13.608352524301305,28.803534624383357,-154.83941384435863,437.1172591582654,-646.7662551999007,-34.862126901859945,258.71490853469174,0.9163812283530441,0.0,0.0,0.0
QMC2,-14.004117260035434,28.73105810509965,-126.22368245169994,418.75815880092415,-505.2091423927376,-8.333961623278421,164.13262747752867,0.8181884420222398,0.0,0.0,0.0
QMC3,-15.953387704998399,45.07420920428491,-129.4261650263296,349.1420268512945,-202.546655900885,91.29228518514786,159.54125461067608,0.828119102341007,2.3875181674957275,14.11198273814479,892.7112326356245
QMC600,-16.252721141970202,33.016065335177615,340.3042921113389,191.46511710231925,-188.3711866588724,48.7753482735026,354.5015743308781,0.8220662911414186,0.9582822918891907,0.0,0.0
QMC650,-16.08857734697753,32.2625713988993,333.80512167495453,194.46630154390573,-154.5352813522086,53.462491113426246,317.49888406489066,0.794052162978682,1.5049017667770386,9.802197881195127,76.51206971684869
QMC700,-16.00568014065498,32.01891023958007,330.00378481731474,197.9410301285215,-127.53908920086445,58.26894294023416,288.077336766128,0.7706449015610275,1.7318052053451538,11.058051871118177,204.8616215899223
QMC750,-16.093381803877897,32.14682610281743,325.9315690770724,199.59918717181725,-107.23079884533252,62.82318759029359,265.85892214941674,0.7559696405399654,1.8563514947891235,11.610104975725914,300.9992604392469
RATP,-16.023305853170793,29.072800712205446,339.6680105696191,233.06631875764228,-187.06889513264343,32.96248803529276,431.9752155832055,0.671302007236892,1.685041904449463,10.08114474780768,114.86591941676465
Rs,-15.568539324004472,30.46222605675143,345.55010606481426,235.67375969537895,-9.108585668286022,85.33513104861329,22.415206060678468,0.7836717626461743,2.275357246398926,13.282436922268255,930.4005300331887
SGI,-15.870354209879721,28.6913481724367,307.100381983519,268.78908290629323,-52.65943173822875,64.65719371884619,197.542670087288,0.6042752991222199,2.3119912147521973,12.804713021821462,728.2766194299204
SGII,-15.574529218496314,26.73382817642422,376.009123538874,212.05330918636335,-144.3855589103543,37.74331860289961,327.4428831819532,0.7872273254548859,1.6375170946121216,10.126218099716159,120.21748832670099
SI,-15.972128397980157,29.25390128010185,-153.32081726864712,378.8358411714769,-471.26364439271566,-0.4038385920174481,143.0123122900068,0.9105818320117498,1.1561487913131714,5.9074554443359375,4.339196681976318
SII,-15.87392406581759,35.09043157503738,-6.977694197021596,382.8568706931025,-295.4704426433604,47.520322857660176,109.54120409065155,0.5656248251100611,2.010282516479492,12.09632022088202,373.37750869495824
SIII,-15.703743036935068,28.296819767194478,-101.43026897069603,417.8734765319281,-456.1150450217894,-0.6737936878042873,140.71662585658052,0.7486809446712875,0.9921655058860779,6.437153339385986,54.8051872253418
SIIIs,-16.512922776299963,33.04494938930871,-114.08487886434519,405.2188666382789,-397.9341006756471,25.20678404776686,82.53568151043824,0.7826152576063864,1.5117202997207642,9.037905234793094,46.57960076325618
SIV,-15.911512734198826,32.06829136910282,80.38809655666599,350.12071705929014,-146.8560727527059,64.17337807173742,81.02877858749703,0.46129786997289907,2.356916666030884,13.185498736297944,796.5086029621388
SK255,-16.31268530360942,37.354639621612144,348.94391953125233,254.2534257712268,-58.207293020252905,94.95233829814276,94.1695021080954,0.7975350831868143,2.2420499324798584,13.801305484840723,1018.7368178446445
SK272,-16.256930214076135,37.73436134428244,311.54784960539223,276.23249607653173,-68.77648748887566,92.43066934305405,135.84247004717741,0.7710677927961528,2.3081846237182617,13.853349862964873,1027.4360146039746
SKRA,-15.754059464532169,31.059947576309632,370.1180174634021,212.24182521553976,-136.6290291671654,52.95020391018408,305.7717559187853,0.7514152069084528,1.74718177318573,11.131787701749746,219.7066840681479
SKa,-15.970828715229386,33.184551454577615,305.96583620379465,267.65448115023685,-79.52560760787,75.15822432107666,176.5157231220097,0.6061771924881126,2.254243850708008,13.203339235674825,791.56426719159
SKb,-15.970828715229386,24.062729779577616,305.96583620379465,267.65448115023685,-79.52560760787,47.79275929607666,176.5157231220097,0.6061771924881126,2.192716121673584,12.081316589102604,533.3538962240136
SKz0,-15.981819596963273,31.78516095713993,354.50854795777934,223.67952231584022,-235.65658205039966,35.9650768038937,395.7835866000451,0.7041410312007458,0.7340133786201477,7.82689094543457,799.0003051757812
SKz1,-15.981981250019153,31.839390791700634,354.50693142722054,223.67790578528127,-236.64905721310618,28.68059272772742,523.9251321610657,0.7041446993812133,1.2758225202560425,7.934248447418213,30.64990234375
SKz2,-15.981341084083052,31.907476161091328,354.51333308658127,223.68430744464214,-254.18537312751323,18.128907105710905,668.6105184737866,0.7041301731604799,1.363728642463684,7.887879371643066,22.08332633972168
SKz3,-15.982450589336361,31.93602808812951,354.5022380340482,223.67321239210926,-237.7823245154447,14.24649406193199,779.356540260032,0.7041553496984317,1.630924940109253,8.984100119310135,56.3047730301637
SKz4,-15.982348688406951,31.980576704519194,354.50325704334256,223.67423140140343,-237.5676876599358,7.175384159030278,906.2735130680943,0.7041530373200855,1.739711046218872,9.14496471430675,28.433615337756905
SKzm1,-15.982134390669762,31.668446090488093,354.50540002071443,223.67637437877534,-178.54941233360447,54.28504469460432,211.52734648493598,0.704148174436101,1.3719744682312012,9.049464225769043,39.7925910949707
SLy0,-15.94739826975848,31.667342086443114,352.3811024299243,222.7060518771894,-114.93223368259402,46.95941742630592,498.8039528552876,0.7024306175377591,2.0406172275543213,11.609043151072324,321.39408967678736
SLy1,-15.961015359655379,31.6757714638648,352.6329978084229,222.80659730513713,-115.18453339311182,46.91498359709672,499.3933379144228,0.702431418154987,2.040142774581909,11.60584340696648,320.8001088291812
SLy10,-15.881881734123953,32.10857677761919,363.2515947525013,232.7552815305897,-142.99372293707796,38.6886775177063,596.5530013973882,0.6816103130420761,2.0163490772247314,11.339803867784527,270.54206240649336
SLy2,-15.960822997412862,31.663320725742928,351.7624082097126,222.4657325333549,-113.77200992547127,47.27363195950667,495.9946364332072,0.702403677552072,2.043085813522339,11.622197732707642,324.2079045133692
SLy230a,-15.965032403926239,31.719468606330775,353.63120803191526,223.57778260280315,-98.28892291690039,44.125552902592034,592.7415043880726,0.7010345195858801,2.1358892917633057,11.709735862311833,352.35406721206004
SLy3,-15.945932241975513,31.677219901192146,351.35992565421697,222.66864978006285,-120.69111207956404,45.226448501680906,515.2522986235407,0.7010368431279317,2.0261030197143555,11.508772461827718,302.14663657498403
SLy4,-15.950406385387005,31.7657495543415,354.05612844053877,224.49459035071717,-118.69428251720862,45.8675432707916,513.6730208722628,0.6982460290637879,2.0400731563568115,11.582860174937256,315.7991280052712
SLy5,-15.959475152953638,31.659964318231367,351.55990257120396,222.3767393577596,-111.44969988965305,47.92808068862885,490.17134726873,0.7024337509661734,2.049203395843506,11.65961802467847,331.80737071702066
SLy6,-15.899157012449123,31.772576056608468,353.24289431284393,225.64890558018382,-112.0396807561828,47.34805400321129,504.7589787619421,0.6927865796822426,2.0673186779022217,11.713166124256249,342.2106707887031
SLy7,-15.880452696496807,31.865811211141093,354.35747308363347,226.83915932624876,-113.88344979742482,46.88999863395171,513.0603709183471,0.6900719715117938,2.0690133571624756,11.71326745740338,341.3574968497675
SLy8,-15.944111064074717,31.678014568673603,351.56653743322516,222.87526155907113,-114.31810072245959,47.015064403982635,499.9257685129834,0.7005724410246361,2.0448381900787354,11.621474163788756,323.97567217506594
SLy9,-15.756526541925162,32.69163841652509,371.54813494696947,243.14064023009828,-81.67587020549195,55.945545387261205,478.46317992964885,0.65745485240179,2.223072052001953,12.476942438931678,529.8634657426193
SV,-16.026655720258844,33.229579578543756,181.398529196066,312.48052469869015,24.953447091703413,97.39745916894206,47.86988374308772,0.38021607360665155,2.6505839824676514,14.182317147545987,1420.647343088465
SV-K218,-15.870306370708898,29.683110288902046,386.464003417376,209.8760479235966,-199.20371995868243,35.559524402225684,388.5448616186418,0.9011540160883201,0.8727835416793823,0.0002953580114990473,-45215331123200.0
SV-K226,-15.876206813117971,29.758557291778487,378.79426626810533,218.8322713248895,-205.6638995553009,34.88675231271678,391.3990559874832,0.9011539546274264,0.9895893335342407,0.0002953580114990473,7703626751410176.0
SV-K241,-15.887241870301628,29.894544555787597,357.5464369207404,237.01524870988712,-227.19165436806762,31.47762370375444,410.27775831265484,0.9011707589070173,1.092211365699768,0.0,0.0
SV-bas,-15.882459443714417,29.831317409921105,369.1085626030446,227.85178303842417,-216.76787478060558,33.05569317751461,402.7441502818022,0.9011559801170128,1.0292096138000488,7.910768508911133,116.63131713867188
SV-kap00,-15.877830184812712,29.780434028422427,368.38303506047333,227.5041530641061,-158.7646383549356,39.702199871887345,438.3699775583032,0.9011711690917817,1.7570720911026,10.457988061427349,152.3785028322043
SV-kap20,-15.879772060772646,29.809928042864186,368.8005769398585,227.7056913630871,-189.1569910510322,36.03260143013502,423.5147241986369,0.9011519488298411,1.5135774612426758,9.318119839831498,58.83061192618252
SV-kap60.,-15.884452454560002,29.853305643413353,369.50842781761474,228.04242739371404,-243.95122204878945,30.19545680398917,380.9733641471114,0.9011543315349978,0.2536994218826294,0.0,0.0
SV-mas07,-15.866296607140978,29.697624316297347,346.62051772579036,227.2589820600596,-97.42102415006941,51.82166814613941,359.33491276362014,0.7035553104818623,2.0561575889587402,11.833830446494753,385.4585501960152
SV-mas08,-15.875377322963734,29.779281456734253,360.9559403643224,227.23814721128826,-168.77057743164735,40.46178109061853,389.76950774188936,0.8021758106869351,1.674393653869629,10.292473909258527,129.04159539523764
SV-mas10,-15.886901859677593,29.865072186581735,373.52285411670044,229.09080155755828,-246.90056222274742,28.903736561103145,400.11039451033946,0.9999996779255564,3.9383042604868024e-08,0.0002953580114990473,2.021607605482291e+16
SV-min,-15.883404981131534,30.28283666952363,387.38756881215653,213.91157647615267,-151.9506189442597,45.00258292684963,378.69150018950853,0.9529805692182504,1.6292164325714111,10.219405870462964,119.14619395388668
SV-sym28,-15.839352943443101,27.972036591402883,368.46816166942915,227.54695288451055,-290.1832012867553,8.658516466117721,556.8167214028919,0.901155109723935,1.1386563691928586e-08,0.0002953580114990473,-1.7653653468872704e+16
SV-sym32,-15.915951516348212,31.712211831548156,370.441040935374,228.48657589310577,-145.53650133786536,56.969470053296064,253.02880785319272,0.9011539979518619,1.7013320922851562,11.23520229417751,229.72704416487971
SV-sym34,-15.943809056968835,33.62740154940544,372.01020481043906,229.2338131007073,-77.40023950439472,80.1973387459415,109.7191261583232,0.901153882194335,2.024576187133789,12.918745572519558,663.0576200288223
SV-tls,-15.87203607006039,29.835057744157485,369.2954045082573,227.9411885459545,-213.71952314272002,33.85553926848983,396.20618081048104,0.9011529066371964,1.0857694149017334,0.0,0.0
SVI,-15.55629973880845,26.432888806487256,-162.03363598942994,440.46048451319416,-559.1998386538617,-24.109532796340442,160.61104448865274,0.9448905404368336,1.516018033027649,6.885345430488985,3.3635324351510256
SVII,-15.58578814126263,26.40437489776261,-174.9220787639718,444.9310999886523,-580.998754466108,-27.976222409963647,165.05090205089917,1.000662347474223,1.81813645362854,7.349334845903121,5.165706534446312
SkI1,-15.926747299203315,36.411477067770385,333.8777669165701,234.95011804042198,227.10732924275572,156.0543571066959,-317.04204290540514,0.6977773657986258,2.7942020893096924,14.821683773893435,-6606.377233955584
SkI2,-15.756238071787186,33.26774950317699,337.63264768927337,239.64670734896308,70.1295121011629,103.92460859926076,51.86706896124483,0.6858408266232201,2.520888090133667,13.915341989269075,1295.6895327101765
SkI3,-15.961026469289093,34.68884876887571,301.17131334474755,256.22827291661156,72.01627160164806,99.96854348514532,211.1687121727968,0.5786508729252908,2.5974135398864746,13.948800095342229,1244.2188870288148
SkI4,-15.918855429826301,29.12208910811532,320.0864275364405,240.4559102916645,-41.21801122793368,59.51483447205612,345.1512474690988,0.6540340541602775,2.289196491241455,12.453517926770443,592.2892183197444
SkI5,-15.826383796028189,36.99724035168357,306.1520960728403,259.03657029463545,162.11654663826576,130.8044137909125,10.618926823303168,0.5770153433570743,2.7539052963256836,14.632347539926766,1826.0726978374714
SkI6,-15.8955129842827,29.842957214304278,319.91135148959864,243.54247206179096,-47.70176131602903,59.15539455426151,374.60926415861366,0.6430701769628375,2.292982816696167,12.484267335214478,589.4956281318474
SkM,-15.746740136299763,30.415060779497956,374.2870143608393,210.33120000832864,-144.9356893054372,49.35630784617687,316.1049567586065,0.7921421631501397,1.6559034585952759,10.63241885750974,155.86542659794077
SkM1,-15.746740136299735,25.41500669319972,374.2870143608393,210.33120000832864,-379.1985692257947,-31.98578459380981,891.4315448714998,0.7921421631501397,1.8317997455596924,7.369765646775751,5.257767585099847
SkMP,-15.541833814211042,29.89024069687117,337.7623255138362,230.74625443295096,-49.8279719683193,70.3182176666196,159.4877721483339,0.6537829790296027,2.1888620853424072,12.776400566101074,679.6489696261228
SkMs,-15.746740136299763,29.72635484947007,374.2870143608393,210.33120000832864,-151.82274860571604,45.91277819603745,322.9920160588854,0.7921421631501397,1.5973701477050781,10.248160438603001,118.51671399681861
SkO,-15.810419237870617,31.412897036403276,379.76851477282173,216.5434773526649,-42.27130904553181,77.76871756515317,128.85231644133123,0.8980936439277954,2.106372833251953,12.793101951741512,668.175644931969
SkOp,-15.72658054217051,31.50141306005726,378.72168525972893,216.07834563416316,-77.18617699782354,68.10267467949332,219.05376000918744,0.8980928077681981,1.9978346824645996,12.289911477543999,479.99221674290175
SkP,-15.916983258821517,29.772949377454598,415.1387938708538,192.2707680161633,-254.39070029051956,21.975859997503854,487.91441982195863,1.0000021675110191,1.2217851877212524,6.123498916625977,3.8200604915618896
SkSC1,-15.827847118381001,28.100645367348235,366.2350614921988,226.8107874640784,-303.0120985380053,2.4807033797426774,654.5723029977964,1.0,1.0670565764314688e-08,0.0002953580114990473,-6874540760104960.0
SkSC10,-15.934919341571955,22.684252220092603,368.4541135402423,227.92031343262386,-167.85460737787605,20.02089757274241,384.2573071617887,1.0,1.5256750583648682,8.909545572964616,53.16893578752602
SkSC11,-15.839658584265294,28.820336814724868,366.5314997428918,226.95900658201393,-319.95803463025663,0.40329359289763084,688.4641768768926,1.0,5.321620477616307e-08,0.0002953580114990473,1.2818248290533376e+16
SkSC14,-15.895358484507028,29.748720237054144,367.52245046663637,227.45448191911248,-196.98528971728425,33.931630856708196,442.5186747536733,1.0,1.4364573955535889,8.691642414258691,33.667264505714584
SkSC15,-15.855208877442124,27.949623058323255,366.5907873930303,226.98865040560108,-276.114872157089,8.751943216004486,600.777847546241,1.0,8.497370799886994e-06,0.0002953580114990473,3.484022838531195e+17
SkSC2,-15.874018645564448,24.657891785837684,367.3022391946931,227.34437628864612,-221.72957682436385,12.473073571637169,492.0072514422613,1.0,1.1300233602523804,7.044084072113037,40.80485153198242
SkSC3,-15.820235025850726,27.001956507796507,366.0698720464748,226.72817724946188,-287.66360845595597,3.021761139292917,623.8752868635485,1.000000141837676,0.0,0.0,0.0
SkSC4,-15.839658584265294,28.820336814724868,366.5314997428918,226.95900658201393,-319.95803463025663,0.40329359289763084,688.4641768768926,1.0,6.475350033952054e-08,0.0002953580114990473,1.13921860042752e+16
SkSC4o,-15.819426430557385,27.057162910329453,366.2223569957407,226.80443521616695,-328.02679285884346,-6.90341772786511,704.601694140942,1.0,0.0,0.0,0.0
SkSC5,-15.821117656380096,31.03987224563268,366.0910771990052,226.73879532108117,-364.16783598039973,-3.9905507282260393,776.883783998159,1.0,2.666326359701543e-08,0.0002953580114990473,3.606276162034074e+16
SkSC6,-15.89535848450707,24.493248457449212,367.52245046663626,227.45448191911242,-219.69933916771754,12.48670301332228,487.94677592594485,1.0,1.1482670307159424,7.109945297241211,39.000064849853516
SkT,-15.309739121500108,25.447660625258724,-21.18225400384671,377.67014753627734,-266.28805704114694,24.729081683766893,71.3409818384381,0.5872171900191161,2.019714832305908,11.198788122758822,285.91537466742585
SkT1,-15.952087928802925,31.558332401960925,367.78924489225983,227.58787912525437,-130.79917532617225,55.906996362869776,310.14643935283794,1.0,1.8246023654937744,11.373318668668963,264.5766374439968
SkT2,-15.916658740562085,31.538297540711692,366.942278461709,227.16439593115305,-130.63288759195518,55.888463713715666,309.8138638677749,1.0,1.8236500024795532,11.369707842861358,263.7985941136208
SkT3,-15.917846659386157,31.04612905747184,367.02697510476406,227.20674425056325,-128.12109583888852,55.03990621796147,304.7902801104625,1.0,1.8293137550354004,11.352478908650122,264.95766163275044
SkT4,-15.934123110025823,35.069747565704425,374.90376290888764,231.1451379557053,-24.27525278668994,93.0722231547454,97.09858362148105,1.0,2.2322168350219727,13.512898971220928,936.3369329591281
SkT5,-15.957965029813778,35.609949240704424,411.1991236568931,190.6951840298073,-24.27525278668994,94.6928281797454,97.09858362148105,1.0,2.0795230865478516,13.319209446390808,823.053711671267
SkT6,-15.937395225863128,29.723429755125146,368.0009864998977,227.69374992377973,-205.20138941323768,31.801734435582244,458.9508749671901,1.0,1.3762092590332031,8.263408660888672,25.213449478149414
SkT7,-15.912068554803325,29.289902443160432,358.56479881676324,227.84500299294447,-203.7643166954494,31.993271847948687,427.7345483893735,0.8359084079513975,1.4011948108673096,8.406782665851567,24.826924173952197
SkT8,-15.917027237499525,29.671038837291146,358.5152119898012,227.79541616598246,-182.62969848544967,34.384519870044194,464.02178974364017,0.8360670109188899,1.647879958152771,9.839638031091473,95.88555069417261
SkT9,-15.85805383775443,29.531248766020997,358.47428320368647,227.77633514681474,-181.24272464350662,34.324935348047774,461.04673085267245,0.83606701091889,1.6535866260528564,9.87057678449941,98.41668346059619
SkTK,-16.614445130949655,34.60667730609759,309.0780757488157,227.8158991604882,-204.26791945146434,43.550529818901104,489.4354223772071,0.6270672483669103,1.6908156871795654,10.315124268495461,118.7696206967373
SkX,-16.032131592188637,31.22061774893139,303.2277028183989,275.4816625969891,-255.93266400930455,32.699163047051904,384.8752341332542,0.9930868680979976,1.3660591840744019,8.415510177612305,27.694568634033203
SkXce,-15.839789291685376,30.330938088496225,300.8239522683871,272.9151980331851,-242.34100103720493,33.15103343202241,362.2255937943925,1.0063134579717368,1.4420827627182007,8.943656627367721,39.71944149619217
SkXm,-16.025420485369885,31.080870175893864,372.98766949927443,233.9903435779467,-238.88526663993312,32.637945617320085,422.6211721394937,0.9663475791347692,0.5925475358963013,7.208885192871094,1869.68017578125
Skyrme1p,-15.97212839798016,29.488846048620594,-153.32081726864712,378.83584117147683,-264.2289033843782,34.806785881595026,143.0123122900068,0.9105818320117498,2.214977741241455,11.656534743875458,362.1282122077696
T,-15.905877846870041,28.11263935404414,365.7564608392897,226.57136552952568,-199.94868614130888,28.282529201517484,448.4456260041522,1.0,1.3808465003967285,8.207145690917969,24.571138381958008
UNEDF0,-16.031213508711716,30.21799279550991,389.4777872681379,222.84361345999983,-183.50519703256305,45.47776764102161,279.9889428539585,1.1082969406171073,1.0171525478363037,9.251331329345703,399.9713439941406
UNEDF1,-15.780085931066056,28.852494592979347,397.3950883569449,216.6879199652524,-176.7907138957696,40.23477871173494,319.76844200566,1.0075448728320822,1.1544885635375977,0.0,0.0
Z,-15.950720828769931,27.030805181864512,61.05512709849944,322.47451632799863,-643.8329725109352,-46.40826765821708,485.8635356937576,0.8441959132814946,0.0,0.0,0.0
ZR1a,-16.78603039173204,11.370008815704423,-174.77745051866594,324.76026188395815,-392.73096968668995,-39.43627924525459,97.09858362148105,1.0,1.3906939029693604,6.670917510986328,2.8309457302093506
ZR1b,-16.786030391732048,19.250623815704422,-174.77745051866594,324.76026188395815,-392.73096968668995,-15.7944342452546,97.09858362148105,1.0,1.1959630250930786,6.038735389709473,4.013089179992676
ZR1c,-16.78603039173204,31.071546315704424,-174.77745051866594,324.76026188395815,-392.73096968668995,19.668333254745406,97.09858362148105,1.0,1.3526094022608959e-08,0.0002953580114990473,-3.298392075665408e+16
ZR2a,-16.812157480274152,4.00536090424653,140.52052400132368,271.6025198192456,-339.57322762197737,-63.18053178407385,412.3965581414706,1.0,0.0,0.0,0.0
ZR2b,-16.812157480274152,13.36413090424653,140.52052400132368,271.6025198192456,-339.57322762197737,-35.104221784073864,412.3965581414706,1.0,2.772561025210507e-08,0.0002953580114990473,-1.5980365348864e+16
ZR2c,-16.812157480274152,27.402285904246533,140.52052400132368,271.6025198192456,-339.57322762197737,7.01024321592615,412.3965581414706,1.0,0.0,0.0,0.0
ZR3a,-16.851133576300015,-121.55566299972762,412.9907149911343,173.99645813573605,-241.96716593846787,-442.77125495118037,684.8667491312813,1.0,0.0,0.0,0.0
ZR3b,-16.851133576300015,-87.07689299972765,412.9907149911343,173.99645813573605,-241.96716593846787,-339.3349449511804,684.8667491312813,1.0,2.2051626729080454e-06,0.0002953580114990473,-1934893056.0
ZR3c,-16.851133576300015,-35.35873799972762,412.9907149911343,173.99645813573605,-241.96716593846787,-184.18047995118036,684.8667491312813,1.0,0.0,0.0,0.0
Zs,-15.840150390787178,27.0315951494027,347.25535169048715,220.76865148006235,-382.8803721775839,-23.478649606219992,844.1172961476526,0.7890687453584733,3.814174078797805e-07,0.0002953580114990473,-13092935172096.0
Zss,-15.926129264714605,28.84177222651861,349.21742823450296,223.24537031658988,-318.48104823791414,-0.7032479790733082,695.9991170605151,0.7809230058808079,0.0,0.0,0.0
f+,-3.5846303604786574,-5.126051832556657,511.0157379858905,344.5828920819827,-484.6012053180557,-142.09242149300212,1007.6656549741097,0.7065188436752557,0.0,0.0,0.0
f-,-3.6713250480143653,8.811765530643331,509.76703878739784,344.0309932436689,-333.0357050162847,-70.34127962348282,863.6083489498616,0.7061879029307933,1.640153408050537,8.29483744369856,12.853824115951513
f0,-3.633189870172737,0.29938018050650417,510.4576011707771,344.3561721732231,-426.1104785431026,-114.19656465739767,950.7466081879096,0.7062796763103073,1.0693790912628174,5.6865386962890625,6.210160255432129
s10hs20,-16.071172348659093,33.32298640595855,375.53501073410376,234.34322864648757,-127.16647000963435,61.94898489595041,306.08400102023853,0.9742932225978509,1.8955097198486328,11.860106910575801,347.0573853969994
s10s16,-16.010233192398807,31.086696291863277,375.93589541187765,234.5118666308907,-178.45200798917804,40.01753642666463,456.6789710100718,0.974570704413055,1.6840749979019165,10.190729208233927,120.25806638294902
s10s20,-16.064703459454627,33.46261619697201,376.15994539078696,234.9576456566732,-101.40340369084032,66.31735445492666,304.38361952753814,0.9716777783128726,2.0203609466552734,12.265045485499547,454.0318979175884
s10s24,-16.119138302243144,36.169966537616666,376.84718732412756,235.73740046739888,-27.52931433190746,92.80624860495026,158.6690268385558,0.9679232259032337,2.261051654815674,13.544345152877305,927.0233002058579
s11hs20,-16.07085220445675,33.298447515085535,374.4578429370389,234.5592634492624,-118.9494677299063,62.932000859233845,309.60237871918997,0.9677814505868894,1.9413812160491943,11.987413810172633,379.3753844624278
s11s16,-16.012547624034077,31.09192959823416,374.920291574365,234.70835947712675,-178.72699041769263,40.022487007304726,456.06901051610265,0.9684860439804293,1.685077428817749,10.196306681296345,120.7103669674455
s11s20,-16.066013187838564,33.41642200303201,375.01100159110337,235.0567160596962,-103.13358610242905,65.81374682574057,306.49357323059894,0.9658916147220664,2.0151755809783936,12.236273884965225,446.2918083160558
s11s24,-16.1199208845942,36.174713968774405,375.9931419707499,236.06222233865554,-28.062234935243872,92.74846470222764,158.51078896974272,0.9615184819443663,2.261200428009033,13.545829936867776,927.2103665693164
s12hs20,-16.058365265984076,33.015584570757824,376.035494094951,233.82530478535617,-120.47408426158789,62.625083979466446,294.1950677811515,0.9810136122308567,1.9158649444580078,11.93196932448304,367.4416657594415
s12s16,-15.995742867218619,30.747453788763174,376.5113600289646,234.14770706642645,-174.2910443637106,39.984740748130704,449.4632253475171,0.980271169922714,1.6975042819976807,10.248404865656486,126.81690613236145
s12s20,-16.051573317392382,33.16220963289113,376.689231653886,234.52685730924964,-95.04399457811779,66.93731422365464,293.0382577709408,0.9777251768298122,2.0367965698242188,12.313681917678478,472.9926173879936
s12s24,-16.107069356940755,35.892643620115,377.22650828774397,235.24245998133563,-19.790338910449975,93.81510468929125,145.06945651252414,0.9738298136875224,2.277292490005493,13.572820549138628,954.2269056410922
s15hs20,-16.09227638823418,33.64122456369586,362.83894469606827,223.20096602054375,-144.58940564425504,58.312142908099084,329.6171417767494,0.7165912788273138,1.8240927457809448,11.601411692142207,283.29567730628673
s15s16,-16.032479600426534,31.474332129405095,367.5227969270562,219.92357676111553,-191.3972048521836,37.5227764678158,462.64969873449024,0.7373511898126093,1.5633007287979126,9.632755950554227,73.73073062349863
s15s20,-16.09675034190134,33.843125908882996,362.98120660325446,222.9582019043132,-133.29430010158592,61.11023256132438,319.4881572576676,0.7177669626844236,1.8802485466003418,11.861743076949352,335.5285682733673
s15s24,-16.144646086512218,36.42853494874703,364.6706854393858,224.60830990045358,-85.36755916999873,82.66696395081367,197.79618907859103,0.7139584936491442,2.074695587158203,13.13378407214554,692.6318606640864
s16hs20,-16.055490639024427,32.81378810860784,376.8429456346152,230.67401834350687,-151.67679334110633,58.612379995120705,267.6274293862051,0.9073053362699695,1.6918747425079346,11.280092298923684,229.78866568732695
s16s16,-15.980419447877457,30.340982158971723,377.25569397482803,230.02437624779952,-171.0420403213652,39.33814306371143,442.65668525222236,0.9134326362730297,1.6926196813583374,10.234261888052671,125.87160681711451
s16s20,-16.038594482500784,32.87416803128092,377.54861175407785,230.8185762491814,-93.44378245919542,66.70551175033742,282.21931719339585,0.9086845999757183,2.028815269470215,12.312056615930514,473.75046821232996
s16s24,-16.090645063782095,35.517354481988285,378.22877411197163,231.5726613541334,-23.106525853797084,92.58851660871552,136.10517397705894,0.9055915566155851,2.256974935531616,13.529546477059453,936.2950659674265
s17hs20,-16.124004074201615,34.495050261859355,357.25974683668994,225.63831964975105,-49.519895292271926,74.79369385446898,323.6896374132517,0.6987585606582065,2.2322232723236084,12.963139082871349,676.4630721541764
s17s16,-16.03128320748652,31.2099755612426,369.7279557191448,216.01819304910273,-176.77944362388004,39.13896907233464,457.0320286629997,0.7577546097333421,1.6285216808319092,9.975175554893937,98.6769428579702
s17s20,-16.098630290926458,33.29312170053965,366.29824710041447,215.31328242756288,-127.5727475896628,59.52035652997823,332.73965840756966,0.754844641091772,1.8607730865478516,11.665372928851609,302.1556211996225
s17s24,-16.105404702523913,36.0342934891013,370.7420414338396,220.10361858064073,-69.87517351816831,84.07111962394715,191.25675594746903,0.7419736212688195,2.104630708694458,13.174220974669753,723.768050703562
s18hs20,-16.077544301168604,33.32875350124625,378.60237490468387,213.16903257859911,-150.9100437003838,56.40774133352156,330.7378528818804,0.7868567879311905,1.6799715757369995,11.004834167187585,187.92543914391618
s18s16,-16.00603451097584,31.289010427711442,380.2848998589261,214.65558961686818,-174.4784651144091,39.18762244329059,466.0823717588844,0.7830333627525765,1.6273086071014404,9.970887014560244,98.30158879596591
s18s20,-16.082558256254586,33.79561905120597,378.72873020388283,213.14183938002793,-111.09912893075688,65.00064690524655,304.39973405858257,0.7872240756657215,1.909089207649231,12.015681637601952,374.5074700155419
s18s24,-16.121457855138516,36.04014067012089,380.32966898597573,214.6007212877213,-63.867268001988855,85.25214424540052,185.91556588506148,0.783373873940862,2.0935311317443848,13.162295732749152,722.327527161153
s3hs20,-16.09563385677188,34.16973205069768,379.7157034657937,212.2498338722648,-73.31578912830786,68.66309164420998,354.4061106541753,0.7933533900382754,2.0927445888519287,12.467898330767364,504.8591100551867
s3s16,-16.10645132852352,31.790241207326833,383.6623042568369,207.96844283063757,-171.62741279757464,39.97794923305691,485.6937555557677,0.8225214460524081,1.6093469858169556,9.834707957908375,88.26219418140172
s3s20,-16.16061449626278,34.02026041203567,383.2750667692054,209.78745144364987,-118.9178265004025,61.75184984804215,353.50051420292647,0.8124598064861718,1.8736809492111206,11.741501792580685,313.84646752379984
s3s24,-16.203125727944244,36.57826128388703,384.5774702437801,211.01523311723082,-68.67555709017377,83.72959519911373,228.79073240983035,0.8089165012450564,2.0740814208984375,13.051361458635347,665.3650665486397
s6hs20,-16.08906604734986,33.68517034157058,360.172169018907,221.14895500940216,-137.04038637928568,59.27733542368009,331.0707289305495,0.699443917837712,1.8646247386932373,11.746317095132756,312.30888616980985
s6s16,-16.0205496602592,31.506483545535083,366.99304219702015,216.27191720467073,-188.1536328280266,37.78129747929331,463.19228873699103,0.7280655572985971,1.5670206546783447,9.655452347604085,74.98834206692352
s6s20,-16.080735103610905,33.738322797665546,362.3711106297017,219.64212607947445,-134.82697616125867,59.92662154173101,328.05111003717633,0.7081767397419363,1.8633488416671753,11.761443739900958,314.9233453640025
s6s24,-16.1306741356909,36.428113981110876,364.3079219603266,221.54446761336314,-87.02695646645478,82.10770837627807,202.41686053859243,0.7038866266579756,2.061298131942749,13.092319455049585,674.5974184907544
s7hs20,-16.050498668326203,33.04556561470786,399.4236184145392,213.1175681823037,-120.1734922621065,61.25480830917306,316.0947186750104,0.9868901056709904,1.80179762840271,11.526788560971564,278.8491675274371
s7s16,-15.987336911916955,30.811386027579314,399.28642854189826,212.95620358513077,-158.82079545220392,40.86955386216283,466.3655540077052,0.9876962375103614,1.6525959968566895,10.04839103543142,108.04753715142841
s7s20,-16.044167857780412,33.1890787962357,399.808641787273,213.6637777382008,-90.18827223651635,66.132972447396,315.16111261464374,0.9838897951776998,1.9658639430999756,12.085433096743929,407.8982912122945
s7s24,-16.100693502670904,35.84121923455189,400.4021452463055,214.5667392992476,-25.887435806394922,91.04352879795658,174.0983808797532,0.9788188234882206,2.191898822784424,13.360728963837715,839.7127766692447
s8hs20,-16.06102895330078,33.22215064532308,373.97654865791117,237.28841722161582,-123.31638132130288,63.11150538371154,289.48616354118093,1.0040410353799514,1.9167444705963135,11.968311409898952,373.6361252333029
s8ps12,-15.967441092066332,28.859032490672167,374.92048636019194,234.07711395179152,-279.5968730977898,11.750687011312102,587.8278077689409,1.0403008013059838,0.9069650173187256,5.062921524047852,7.565140247344971
s8ps14,-15.996975372055593,29.859332238141302,374.5046827906266,234.14280094936757,-238.32692551874524,24.917822167784255,507.83487062521624,1.0374728565551725,1.0631986856460571,7.245507717132568,59.709022521972656
s8ps16,-16.0268845253496,30.936101623053116,374.12433860918907,234.38551104010415,-198.06619521457944,38.05158070836595,430.08522773953626,1.0330653271263408,1.4730689525604248,9.114823626817726,47.46571820305619
s8ps18,-16.055725645529847,32.08913685789738,373.772008675433,234.89242467939602,-158.88507639878515,51.12618081327037,354.873878520182,1.0262174412106806,1.726707100868225,10.89223696031467,186.82237255358515
s8ps20,-16.08398246930079,33.309087459879485,374.0314315498753,235.22332808575126,-120.74299491338998,64.18689383567308,280.8397874173952,1.024263647908233,1.9121379852294922,11.98656061391289,377.03879411222226
s8ps22,-16.111592725248162,34.60496173365141,374.44726559473116,235.7327953300712,-83.4461481131298,77.25825925978265,208.62438245161496,1.02135255150525,2.0625598430633545,12.79114351702544,604.9570472877061
s8s16,-15.995651553140451,30.846716662234385,374.01007003348514,237.43734002983766,-176.62492576751302,40.08464746770666,448.88136130670057,1.0027950517695232,1.7030878067016602,10.272162562696845,129.06266666846756
s8s20,-16.051939957646766,33.30368606721637,374.34820590710865,237.842116792367,-95.15260989951976,67.46769475577338,292.1261084733839,1.000614084765734,2.04959774017334,12.35915315949372,485.5464780943282
s8s24,-16.107386085514303,36.01646888607354,374.69840875957306,238.40888724141632,-18.809453602766588,94.33667307738801,145.6774804113582,0.9969856127022397,2.2897632122039795,13.601590156555176,968.345515927409
s9hs20,-16.07114284628739,33.33767591968982,381.1804886580375,207.50946747924866,-149.94504718727637,56.72801884988657,325.6082993445991,0.7893135499933158,1.6382472515106201,10.844703001135752,166.28656892333387
s9s16,-16.01704389449977,31.150800257053557,380.9545589186502,205.56414315259119,-166.37252434758588,39.845348304463755,462.3607494501395,0.7980589711623565,1.610065221786499,9.872001572844152,91.28447728601449
s9s20,-16.07298520343271,33.64929087792766,381.5035744608222,207.04521900152983,-106.9058015514713,64.71301865710753,309.20562443736964,0.7920676865252737,1.8997876644134521,11.95382938631064,361.9084595773895
s9s24,-16.11946829274832,36.00524081152157,383.03493070915187,208.60584276848775,-62.56766016131258,84.7558841441798,194.6311583659856,0.7875593792030603,2.0776286125183105,13.098183747891719,696.2084815252406
ska25s20,-16.047967896388272,33.31291424321868,399.38820678092395,213.91524820007692,-115.28928408037942,63.272545067528476,306.73208730932885,0.9804066460204716,1.8331552743911743,11.706633715384305,312.0547511282254
ska35s15,-15.99038351630607,30.499804799618857,374.5571025160201,236.5203187112791,-221.03152849354424,30.908501563335566,478.18328190192653,1.014237048297348,1.3251508474349976,8.117952346801758,28.363306045532227
ska35s20,-16.056022193726417,33.43820975211939,374.4660897141612,237.96185952827798,-119.40425577297843,64.68948395590112,282.5896711146071,1.0000567382813723,1.9381957054138184,12.087792448759286,400.86196623143195
ska35s25,-16.116462555151188,36.85654839221198,376.20180989359733,239.80167142962821,-23.527686049540645,98.53643586152391,97.27650506785616,0.991213041610841,2.275379180908203,13.787133175969242,1048.4122655744186
ska45s20,-16.058176668040115,33.57022349036559,335.0893320159342,263.2965887083624,-121.19836516795446,66.42856396044162,254.06179870449364,1.0240086660346752,2.0547804832458496,12.447186652088583,503.6946863985755
v070,-15.782435158432326,28.013488990203733,383.38913117972885,230.20588679936003,-359.9980328971725,-3.102918823746403,590.0575643989231,1.049793304507039,0.0,0.0,0.0
v075,-15.782419016804447,28.010203758794933,383.38929259600764,230.20604821563882,-340.3636147823308,0.0685287396828656,585.3347532175436,1.049792490365713,0.0,0.0,0.0
v080,-15.772022454835376,28.007398204476754,383.15219588806974,230.08752681390686,-324.210264419304,2.5870746473557245,583.2555525422227,1.0497922185457882,2.709260549238479e-08,0.0008860444650053978,-8867398606127104.0
v090,-15.772031375174954,28.00453566759982,383.1521066846738,230.08743761051093,-302.99246841326493,5.363976006871677,591.1991604283702,1.0497926684639052,0.0,0.0,0.0
v100,-15.772001365888434,28.000792766497085,383.1524067775392,230.08773770337618,-280.2694257456777,9.018329165126008,586.0566507603683,1.0497911548771335,0.0,0.0,0.0
v105,-15.772021705123874,28.002426099196892,383.1522033851848,230.08753431102184,-283.3929402200435,7.378714392135384,609.5764022491655,1.0497921807323587,0.0,0.0,0.0
v110,-15.772041052664072,28.001976079580334,383.15200990978275,230.0873408356198,-278.5406894839163,7.8053027118274025,615.5743866154578,1.0497931565710592,1.6947743892669678,0.0,0.0
